{
    "Seed": 0,
    "Fold": "0",
    "Model Type": "linear",
    "Model Hparams": {},
    "Augmentation Type": "phylomix",
    "Train Hparams": {
        "k_folds": 5,
        "batch_size": 512,
        "max_epochs": 200,
        "class_weight": "balanced",
        "subsample_ratio": 1.0
    },
    "Mixup Hparams": {
        "method": "phylomix",
        "augment_ratio": 3,
        "q_interval": [
            0.0,
            1.0
        ],
        "alpha": 2,
        "tree": "phylogeny",
        "depth": 3,
        "num_subtrees": 1
    },
    "Test Labels": [
        1,
        1,
        1,
        0,
        0,
        0,
        0,
        0,
        0,
        0,
        0,
        0,
        0,
        0,
        0,
        0,
        0,
        1,
        0,
        0,
        0,
        1,
        1,
        0,
        0,
        0,
        0,
        1,
        0,
        1,
        1,
        1,
        1,
        1,
        1
    ],
    "Test Logits": [
        [
            0.37289926409721375,
            0.6271007061004639
        ],
        [
            0.7401034832000732,
            0.25989651679992676
        ],
        [
            0.3646440804004669,
            0.6353559494018555
        ],
        [
            0.9900285005569458,
            0.0099714994430542
        ],
        [
            0.34041595458984375,
            0.6595840454101562
        ],
        [
            0.395623117685318,
            0.6043769121170044
        ],
        [
            -0.0395185649394989,
            1.0395185947418213
        ],
        [
            0.6593016982078552,
            0.3406983017921448
        ],
        [
            1.117378830909729,
            -0.117378830909729
        ],
        [
            0.9870237112045288,
            0.012976288795471191
        ],
        [
            0.5878726840019226,
            0.4121273159980774
        ],
        [
            0.4627566337585449,
            0.5372433662414551
        ],
        [
            0.7565257549285889,
            0.24347424507141113
        ],
        [
            1.0476802587509155,
            -0.04768025875091553
        ],
        [
            0.5306469798088074,
            0.4693530201911926
        ],
        [
            0.725179135799408,
            0.27482086420059204
        ],
        [
            0.5247937440872192,
            0.47520625591278076
        ],
        [
            0.5980954170227051,
            0.4019045829772949
        ],
        [
            0.6679290533065796,
            0.3320709466934204
        ],
        [
            0.7275000810623169,
            0.2724999189376831
        ],
        [
            0.9984774589538574,
            0.0015225410461425781
        ],
        [
            0.6079103946685791,
            0.3920896053314209
        ],
        [
            0.4777607321739197,
            0.5222392678260803
        ],
        [
            0.7080878019332886,
            0.2919121980667114
        ],
        [
            0.8141114711761475,
            0.18588852882385254
        ],
        [
            0.7662777900695801,
            0.23372220993041992
        ],
        [
            0.2767273783683777,
            0.7232726216316223
        ],
        [
            0.5310012102127075,
            0.4689987897872925
        ],
        [
            0.4571968913078308,
            0.5428031086921692
        ],
        [
            0.3847671151161194,
            0.6152328848838806
        ],
        [
            0.1603168249130249,
            0.8396831750869751
        ],
        [
            0.22156083583831787,
            0.7784391641616821
        ],
        [
            0.576161801815033,
            0.42383819818496704
        ],
        [
            0.34479326009750366,
            0.6552067399024963
        ],
        [
            0.15855497121810913,
            0.8414450287818909
        ]
    ],
    "Time Elapsed": 0.46161603927612305
}