{
    "Seed": 0,
    "Fold": "1",
    "Model Type": "linear",
    "Model Hparams": {},
    "Augmentation Type": "phylomix",
    "Train Hparams": {
        "k_folds": 5,
        "batch_size": 512,
        "max_epochs": 200,
        "class_weight": "balanced",
        "subsample_ratio": 1.0
    },
    "Mixup Hparams": {
        "method": "phylomix",
        "augment_ratio": 3,
        "q_interval": [
            0.0,
            1.0
        ],
        "alpha": 2,
        "tree": "phylogeny",
        "depth": 3,
        "num_subtrees": 1
    },
    "Test Labels": [
        1,
        1,
        0,
        0,
        0,
        0,
        1,
        0,
        0,
        0,
        1,
        0,
        0,
        0,
        1,
        0,
        0,
        0,
        0,
        0,
        0,
        1,
        0,
        0,
        1,
        1,
        0,
        1,
        1,
        1,
        1,
        1,
        1,
        1,
        1
    ],
    "Test Logits": [
        [
            0.5735675692558289,
            0.42643243074417114
        ],
        [
            0.7456815838813782,
            0.2543184161186218
        ],
        [
            0.04715496301651001,
            0.95284503698349
        ],
        [
            0.4598195254802704,
            0.5401804447174072
        ],
        [
            0.33814162015914917,
            0.6618583798408508
        ],
        [
            0.5394693613052368,
            0.4605306386947632
        ],
        [
            0.6574857234954834,
            0.3425142765045166
        ],
        [
            0.17321982979774475,
            0.8267802000045776
        ],
        [
            0.3836534321308136,
            0.6163465976715088
        ],
        [
            0.498962938785553,
            0.501037061214447
        ],
        [
            0.6520732641220093,
            0.3479267358779907
        ],
        [
            0.8139290809631348,
            0.18607091903686523
        ],
        [
            0.5268086791038513,
            0.4731913208961487
        ],
        [
            0.6356246471405029,
            0.36437535285949707
        ],
        [
            0.3495204746723175,
            0.6504795551300049
        ],
        [
            0.6165876984596252,
            0.38341230154037476
        ],
        [
            0.4742235541343689,
            0.5257764458656311
        ],
        [
            0.7958474159240723,
            0.20415258407592773
        ],
        [
            1.0040202140808105,
            -0.004020214080810547
        ],
        [
            0.8373597860336304,
            0.16264021396636963
        ],
        [
            0.5875370502471924,
            0.4124629497528076
        ],
        [
            1.040708065032959,
            -0.040708065032958984
        ],
        [
            0.8134396076202393,
            0.18656039237976074
        ],
        [
            1.0656026601791382,
            -0.06560266017913818
        ],
        [
            0.08881652355194092,
            0.9111834764480591
        ],
        [
            0.22699952125549316,
            0.7730004787445068
        ],
        [
            0.7078496217727661,
            0.2921503782272339
        ],
        [
            0.3409927487373352,
            0.6590072512626648
        ],
        [
            0.1552841067314148,
            0.8447158932685852
        ],
        [
            0.6623567342758179,
            0.33764326572418213
        ],
        [
            0.03366994857788086,
            0.9663300514221191
        ],
        [
            0.23791754245758057,
            0.7620824575424194
        ],
        [
            0.5551990866661072,
            0.4448009133338928
        ],
        [
            0.5341889262199402,
            0.4658110737800598
        ],
        [
            0.21659430861473083,
            0.7834056615829468
        ]
    ],
    "Time Elapsed": 0.4302990436553955
}