{
    "Seed": 0,
    "Fold": "2",
    "Model Type": "linear",
    "Model Hparams": {},
    "Augmentation Type": "phylomix",
    "Train Hparams": {
        "k_folds": 5,
        "batch_size": 512,
        "max_epochs": 200,
        "class_weight": "balanced",
        "subsample_ratio": 1.0
    },
    "Mixup Hparams": {
        "method": "phylomix",
        "augment_ratio": 3,
        "q_interval": [
            0.0,
            1.0
        ],
        "alpha": 2,
        "tree": "phylogeny",
        "depth": 3,
        "num_subtrees": 1
    },
    "Test Labels": [
        1,
        0,
        1,
        1,
        1,
        0,
        0,
        0,
        1,
        0,
        0,
        0,
        0,
        0,
        0,
        0,
        0,
        0,
        1,
        0,
        0,
        0,
        1,
        0,
        1,
        0,
        1,
        1,
        1,
        1,
        1,
        1,
        1,
        1,
        1
    ],
    "Test Logits": [
        [
            0.26417994499206543,
            0.7358200550079346
        ],
        [
            0.7403770685195923,
            0.2596229314804077
        ],
        [
            0.8229129910469055,
            0.17708700895309448
        ],
        [
            1.0210011005401611,
            -0.021001100540161133
        ],
        [
            1.0964775085449219,
            -0.09647750854492188
        ],
        [
            0.5121961236000061,
            0.4878038763999939
        ],
        [
            0.901708722114563,
            0.09829127788543701
        ],
        [
            1.0233759880065918,
            -0.023375988006591797
        ],
        [
            0.770683228969574,
            0.22931677103042603
        ],
        [
            1.0750434398651123,
            -0.0750434398651123
        ],
        [
            0.9420166015625,
            0.0579833984375
        ],
        [
            0.6332839131355286,
            0.36671608686447144
        ],
        [
            0.9756639003753662,
            0.02433609962463379
        ],
        [
            0.6966055631637573,
            0.3033944368362427
        ],
        [
            0.727616012096405,
            0.27238398790359497
        ],
        [
            0.9156239032745361,
            0.08437609672546387
        ],
        [
            0.8201579451560974,
            0.1798420548439026
        ],
        [
            0.810279130935669,
            0.18972086906433105
        ],
        [
            0.20596003532409668,
            0.7940399646759033
        ],
        [
            0.5720875263214111,
            0.42791247367858887
        ],
        [
            0.5540052056312561,
            0.4459947943687439
        ],
        [
            1.0243589878082275,
            -0.02435898780822754
        ],
        [
            0.37942227721214294,
            0.6205776929855347
        ],
        [
            0.4648579955101013,
            0.5351420044898987
        ],
        [
            0.4411039352416992,
            0.5588960647583008
        ],
        [
            0.6226372718811035,
            0.3773627281188965
        ],
        [
            0.5154207944869995,
            0.4845792055130005
        ],
        [
            0.2352827787399292,
            0.7647172212600708
        ],
        [
            0.48808738589286804,
            0.5119125843048096
        ],
        [
            0.2806296944618225,
            0.7193703055381775
        ],
        [
            0.30999383330345154,
            0.6900061368942261
        ],
        [
            0.27371400594711304,
            0.726285994052887
        ],
        [
            0.4586380124092102,
            0.5413619875907898
        ],
        [
            0.4005645215511322,
            0.5994354486465454
        ],
        [
            0.3358217775821686,
            0.6641782522201538
        ]
    ],
    "Time Elapsed": 0.3102750778198242
}