{
    "Seed": 0,
    "Fold": "3",
    "Model Type": "linear",
    "Model Hparams": {},
    "Augmentation Type": "phylomix",
    "Train Hparams": {
        "k_folds": 5,
        "batch_size": 512,
        "max_epochs": 200,
        "class_weight": "balanced",
        "subsample_ratio": 1.0
    },
    "Mixup Hparams": {
        "method": "phylomix",
        "augment_ratio": 3,
        "q_interval": [
            0.0,
            1.0
        ],
        "alpha": 2,
        "tree": "phylogeny",
        "depth": 3,
        "num_subtrees": 1
    },
    "Test Labels": [
        1,
        1,
        1,
        0,
        0,
        1,
        1,
        0,
        0,
        0,
        1,
        0,
        0,
        0,
        0,
        0,
        1,
        0,
        0,
        0,
        1,
        0,
        0,
        0,
        0,
        1,
        0,
        1,
        1,
        0,
        0,
        1,
        1,
        0,
        1
    ],
    "Test Logits": [
        [
            0.7448868155479431,
            0.2551131844520569
        ],
        [
            0.5977767109870911,
            0.40222328901290894
        ],
        [
            0.34487634897232056,
            0.6551236510276794
        ],
        [
            0.550676703453064,
            0.44932329654693604
        ],
        [
            0.4598636031150818,
            0.5401363968849182
        ],
        [
            0.012776017189025879,
            0.9872239828109741
        ],
        [
            0.5466970205307007,
            0.4533029794692993
        ],
        [
            0.437699556350708,
            0.562300443649292
        ],
        [
            0.6112439632415771,
            0.38875603675842285
        ],
        [
            0.7188146114349365,
            0.2811853885650635
        ],
        [
            0.6614962816238403,
            0.33850371837615967
        ],
        [
            0.47720515727996826,
            0.5227948427200317
        ],
        [
            0.5098606944084167,
            0.49013930559158325
        ],
        [
            0.39510735869407654,
            0.6048926115036011
        ],
        [
            0.7797836661338806,
            0.22021633386611938
        ],
        [
            0.4441172480583191,
            0.5558827519416809
        ],
        [
            0.44863325357437134,
            0.5513667464256287
        ],
        [
            0.7524822950363159,
            0.24751770496368408
        ],
        [
            0.7411914467811584,
            0.25880855321884155
        ],
        [
            0.809349536895752,
            0.19065046310424805
        ],
        [
            0.5211572647094727,
            0.47884273529052734
        ],
        [
            0.8204094171524048,
            0.17959058284759521
        ],
        [
            0.9298743009567261,
            0.07012569904327393
        ],
        [
            0.43631434440612793,
            0.5636856555938721
        ],
        [
            0.8011010885238647,
            0.19889891147613525
        ],
        [
            0.5913829803466797,
            0.4086170196533203
        ],
        [
            0.7075092792510986,
            0.29249072074890137
        ],
        [
            0.9120850563049316,
            0.08791494369506836
        ],
        [
            0.6916561126708984,
            0.30834388732910156
        ],
        [
            0.790277361869812,
            0.209722638130188
        ],
        [
            0.8002833127975464,
            0.1997166872024536
        ],
        [
            0.6214371919631958,
            0.3785628080368042
        ],
        [
            1.0572013854980469,
            -0.057201385498046875
        ],
        [
            0.6655660271644592,
            0.33443397283554077
        ],
        [
            0.09866732358932495,
            0.901332676410675
        ]
    ],
    "Time Elapsed": 0.7493374347686768
}