{
    "Seed": 0,
    "Fold": "4",
    "Model Type": "linear",
    "Model Hparams": {},
    "Augmentation Type": "phylomix",
    "Train Hparams": {
        "k_folds": 5,
        "batch_size": 512,
        "max_epochs": 200,
        "class_weight": "balanced",
        "subsample_ratio": 1.0
    },
    "Mixup Hparams": {
        "method": "phylomix",
        "augment_ratio": 3,
        "q_interval": [
            0.0,
            1.0
        ],
        "alpha": 2,
        "tree": "phylogeny",
        "depth": 3,
        "num_subtrees": 1
    },
    "Test Labels": [
        1,
        1,
        0,
        0,
        1,
        1,
        0,
        0,
        0,
        0,
        0,
        0,
        0,
        0,
        0,
        0,
        1,
        0,
        0,
        0,
        0,
        1,
        0,
        0,
        1,
        1,
        0,
        1,
        1,
        1,
        1,
        1,
        1,
        0,
        1
    ],
    "Test Logits": [
        [
            0.5430454015731812,
            0.45695459842681885
        ],
        [
            0.8442615270614624,
            0.1557384729385376
        ],
        [
            0.6030819416046143,
            0.39691805839538574
        ],
        [
            0.9729284048080444,
            0.027071595191955566
        ],
        [
            0.4410133361816406,
            0.5589866638183594
        ],
        [
            0.6174898743629456,
            0.38251012563705444
        ],
        [
            0.6011581420898438,
            0.39884185791015625
        ],
        [
            0.9328683614730835,
            0.0671316385269165
        ],
        [
            0.6649372577667236,
            0.33506274223327637
        ],
        [
            0.5865603685379028,
            0.41343963146209717
        ],
        [
            0.5855810642242432,
            0.41441893577575684
        ],
        [
            0.34870976209640503,
            0.651290237903595
        ],
        [
            0.3587224781513214,
            0.641277551651001
        ],
        [
            0.5727667808532715,
            0.4272332191467285
        ],
        [
            0.48491477966308594,
            0.5150852203369141
        ],
        [
            0.6335136890411377,
            0.3664863109588623
        ],
        [
            0.714165210723877,
            0.28583478927612305
        ],
        [
            0.8947935104370117,
            0.10520648956298828
        ],
        [
            0.4722491502761841,
            0.5277508497238159
        ],
        [
            0.5921635627746582,
            0.4078364372253418
        ],
        [
            0.6863192319869995,
            0.3136807680130005
        ],
        [
            0.3888082504272461,
            0.6111917495727539
        ],
        [
            0.5220565795898438,
            0.47794342041015625
        ],
        [
            0.6881760358810425,
            0.3118239641189575
        ],
        [
            0.6154704093933105,
            0.38452959060668945
        ],
        [
            0.5942478179931641,
            0.40575218200683594
        ],
        [
            0.6085648536682129,
            0.3914351463317871
        ],
        [
            0.378381609916687,
            0.621618390083313
        ],
        [
            0.6227823495864868,
            0.3772176504135132
        ],
        [
            0.5789106488227844,
            0.4210893511772156
        ],
        [
            0.43574804067611694,
            0.5642519593238831
        ],
        [
            0.26577073335647583,
            0.7342292666435242
        ],
        [
            0.4360716640949249,
            0.5639283657073975
        ],
        [
            0.05143332481384277,
            0.9485666751861572
        ],
        [
            0.5979561805725098,
            0.40204381942749023
        ]
    ],
    "Time Elapsed": 0.8017339706420898
}